链接,姓名拼写,姓名
http://grzy.cug.edu.cn/liuxiuguo/zh_CN/index.htm,刘修国,liuxiuguo
http://grzy.cug.edu.cn/huchaoyong,胡超涌,huchaoyong
http://grzy.cug.edu.cn/zhoushunping,周顺平,zhoushunping
http://grzy.cug.edu.cn/wanglunche/,王伦澈,wanglunche
http://grzy.cug.edu.cn/huyoujian/zh_CN/index.htm,胡友健,huyoujian
http://grzy.cug.edu.cn/chennengcheng/,陈能成,chennengcheng
http://grzy.cug.edu.cn/taomh/zh_CN,陶明辉,taomh
http://grzy.cug.edu.cn/huangxianyu/,黄咸雨,huangxianyu
http://grzy.cug.edu.cn/wangyi2/zh_CN/index.htm,王轶,wangyi2
http://grzy.cug.edu.cn/chenxu,陈旭,chenxu
http://grzy.cug.edu.cn/shangjianga,尚建嘎,shangjianga
http://grzy.cug.edu.cn/yangchuncheng/zh_CN/index.htm,杨春成,yangchuncheng
http://grzy.cug.edu.cn/luozhongwen/zh_CN/index.htm,罗忠文,luozhongwen
http://grzy.cug.edu.cn/penghongxia/zh_CN/index.htm,彭红霞,penghongxia
http://grzy.cug.edu.cn/caoqian/zh_CN/index.htm,曹茜,caoqian
http://grzy.cug.edu.cn/chenzeqiang,陈泽强,chenzeqiang
http://grzy.cug.edu.cn/luozengliang,罗增良,luozengliang
http://grzy.cug.edu.cn/songxiaoqing,宋小青,songxiaoqing
http://grzy.cug.edu.cn/houlinchun/zh_CN/index.htm,侯林春,houlinchun
http://grzy.cug.edu.cn/yanghuan/zh_CN/index.htm,杨欢,yanghuan
http://grzy.cug.edu.cn/huangchunbo/zh_CN/index.htm,黄春波,huangchunbo
http://grzy.cug.edu.cn/lvjianjun/zh_CN/index.htm,吕建军,lvjianjun
http://grzy.cug.edu.cn/chenzhanlong,陈占龙,chenzhanlong
http://grzy.cug.edu.cn/wuliang,吴亮,wuliang
http://grzy.cug.edu.cn/djz,张德军,djz
http://grzy.cug.edu.cn/ZhengLiu/zh_CN/index.htm,刘郑,ZhengLiu
http://grzy.cug.edu.cn/guanqf/zh_CN/index.htm,关庆锋,guanqf
http://grzy.cug.edu.cn/daiwenxia/zh_CN/index.htm,代文霞,daiwenxia
http://grzy.cug.edu.cn/panxiong,潘雄,panxiong
http://grzy.cug.edu.cn/xujingtian/zh_CN/index.htm,徐景田,xujingtian
http://grzy.cug.edu.cn/huangying/zh_CN/index.htm,黄鹰,huangying
http://grzy.cug.edu.cn/zengwen,曾文,zengwen
http://grzy.cug.edu.cn/fanwenyou/zh_CN/index.htm,樊文有,fanwenyou
http://grzy.cug.edu.cn/xiezhong,谢忠,xiezhong
http://grzy.cug.edu.cn/zhengguizhou,郑贵洲,zhengguizhou
http://grzy.cug.edu.cn/zhaoguosong/zh_CN/index.htm,赵国松,zhaoguosong
http://grzy.cug.edu.cn/fenglan/zh_CN/index.htm,冯岚,fenglan
http://grzy.cug.edu.cn/zhangxubing,张绪冰,zhangxubing
http://grzy.cug.edu.cn/chenwanxu/zh_CN,陈万旭,chenwanxu
http://grzy.cug.edu.cn/wanbo,万波,wanbo
http://grzy.cug.edu.cn/wangxu/zh_CN/index.htm,王旭,wangxu
http://grzy.cug.edu.cn/zhangxiang/zh_CN/,张翔,zhangxiang
http://grzy.cug.edu.cn/yuwenhao,禹文豪,yuwenhao
http://grzy.cug.edu.cn/zengjie/zh_CN/index.htm,曾杰,zengjie
http://grzy.cug.edu.cn/liangxun/zh_CN/index.htm,梁迅,liangxun
http://grzy.cug.edu.cn/luoxiangang,罗显刚,luoxiangang
http://grzy.cug.edu.cn/pengxing/zh_CN/index.htm,彭星,pengxing
http://grzy.cug.edu.cn/zhengmaoteng/zh_CN/index.htm,郑茂腾,zhengmaoteng
http://grzy.cug.edu.cn/qiuqinjun/zh_CN/index.htm,邱芹军,qiuqinjun
http://grzy.cug.edu.cn/chaoyi/zh_CN/index.htm,晁怡,chaoyi
http://grzy.cug.edu.cn/sunjia/zh_CN/index.htm,孙嘉,sunjia
http://grzy.cug.edu.cn/yangxue1/zh_CN/index.htm,杨雪,yangxue1
http://grzy.cug.edu.cn/zhongyulong/zh_CN/index.htm,钟玉龙,zhongyulong
http://grzy.cug.edu.cn/zhouqi/zh_CN/index.htm,周琪,zhouqi
http://grzy.cug.edu.cn/gongjunfang ,龚君芳,gongjunfang 
http://grzy.cug.edu.cn/zhang_wei/zh_CN/index.htm,张唯,zhang_wei
http://grzy.cug.edu.cn/shangguanming/zh_CN/index.htm,上官明,shangguanming
http://grzy.cug.edu.cn/xuzhanya,徐战亚,xuzhanya
http://grzy.cug.edu.cn/wumingkui,吴明魁,wumingkui
http://grzy.cug.edu.cn/linweihua,林伟华,linweihua
http://grzy.cug.edu.cn/zhaihan,翟晗,zhaihan
http://grzy.cug.edu.cn/xiangxiuqiao,向秀桥,xiangxiuqiao
http://grzy.cug.edu.cn/LiHui/zh_CN/index/20563/list/index.htm,李辉,LiHui
http://grzy.cug.edu.cn/zsc/zh_CN/index.htm,张绍成,zsc
https://daoqiqi.github.io/,陈奇,
http://grzy.cug.edu.cn/xuyongyang/zh_CN/index.htm,徐永洋,xuyongyang
http://grzy.cug.edu.cn/zhangfayong/zh_CN/index.htm,张发勇,zhangfayong
http://grzy.cug.edu.cn/wangrun,王润,wangrun
http://grzy.cug.edu.cn/xukai1/zh_CN/index.htm,许凯,xukai1
http://grzy.cug.edu.cn/dingkaihua,丁开华,dingkaihua
http://grzy.cug.edu.cn/yanglin/zh_CN/index.htm,杨林,yanglin
http://grzy.cug.edu.cn/huaweihua/zh_CN/index.htm,花卫华,huaweihua
http://grzy.cug.edu.cn/lwan,万林,lwan
http://grzy.cug.edu.cn/zhengkun/zh_CN/index.htm,郑坤,zhengkun
http://grzy.cug.edu.cn/liufujiang/zh_CN/index.htm,刘福江,liufujiang
http://grzy.cug.edu.cn/yanglinquan,杨林权,yanglinquan
http://grzy.cug.edu.cn/yuelinwei,岳林蔚,yuelinwei
http://grzy.cug.edu.cn/yangchao/zh_CN/index.htm,杨超,yangchao
http://grzy.cug.edu.cn/xushiwu/zh_CN/index.htm,徐世武,xushiwu
http://grzy.cug.edu.cn/yangjian1/zh_CN/index.htm,杨健,yangjian1
http://grzy.cug.edu.cn/zhangjianbo,张剑波,zhangjianbo
http://grzy.cug.edu.cn/yeyaqin,叶亚琴,yeyaqin
http://grzy.cug.edu.cn/yaoshihong,姚世红,yaoshihong
http://grzy.cug.edu.cn/dulin/zh_CN/index.htm,杜霖,dulin
http://grzy.cug.edu.cn/lishengwen,李圣文,lishengwen
http://grzy.cug.edu.cn/jiangbaode,江宝得,jiangbaode
http://grzy.cug.edu.cn/hezhanjun/zh_CN/index/20636/list/index.htm,何占军,hezhanjun
http://grzy.cug.edu.cn/zhuqiqi,朱祺琪,zhuqiqi
http://grzy.cug.edu.cn/tanwenmin/zh_CN/index.htm,覃文敏,tanwenmin
http://grzy.cug.edu.cn/zm,张明,zm
http://grzy.cug.edu.cn/zhanglihua,张利华,zhanglihua
http://grzy.cug.edu.cn/yangnai,杨乃,yangnai
http://grzy.cug.edu.cn/yangpeng,杨鹏,yangpeng
http://grzy.cug.edu.cn/xiaoguoqiao,肖国桥,xiaoguoqiao
http://grzy.cug.edu.cn/wenyanping,温彦平,wenyanping
http://grzy.cug.edu.cn/wangyonggui,王永桂,wangyonggui
http://grzy.cug.edu.cn/qinyangmin,秦养民,qinyangmin
http://grzy.cug.edu.cn/liujianyu,刘剑宇,liujianyu
http://grzy.cug.edu.cn/liuchao1,刘超,liuchao1
http://grzy.cug.edu.cn/linxiao,林晓,linxiao
http://grzy.cug.edu.cn/liangmeiyan,梁美艳,liangmeiyan
http://grzy.cug.edu.cn/jijunliang,季军良,jijunliang
http://grzy.cug.edu.cn/weili/zh_CN/index.htm,李玮,weili
http://grzy.cug.edu.cn/gxwang/zh_CN/index.htm,王广兴,gxwang
http://grzy.cug.edu.cn/zhushuang,朱双,zhushuang
http://grzy.cug.edu.cn/zhouchao,周超,zhouchao
http://grzy.cug.edu.cn/zhangzhengjia,张正加,zhangzhengjia
http://grzy.cug.edu.cn/yueyingchun,岳迎春,yueyingchun
http://grzy.cug.edu.cn/wangmengmeng,王猛猛,wangmengmeng
http://grzy.cug.edu.cn/songyan,宋妍,songyan
http://grzy.cug.edu.cn/guomingqiang,郭明强,guomingqiang
http://grzy.cug.edu.cn/tianyugang,田玉刚,tianyugang
http://grzy.cug.edu.cn/shixuguo,史绪国,shixuguo
http://grzy.cug.edu.cn/shenyonglin,沈永林,shenyonglin
http://grzy.cug.edu.cn/liuyuanyuan/zh_CN/index.htm,刘袁缘,liuyuanyuan
http://grzy.cug.edu.cn/qikunlun,祁昆仑,qikunlun
http://grzy.cug.edu.cn/wangke/zh_CN/index.htm,王珂,wangke
http://grzy.cug.edu.cn/dongyuting,董宇婷,dongyuting
http://grzy.cug.edu.cn/fangfang/zh_CN/index.htm,方芳,fangfang
http://grzy.cug.edu.cn/chenyu,陈于,chenyu
http://grzy.cug.edu.cn/chenqihao,陈启浩,chenqihao
http://grzy.cug.edu.cn/yaoyao/zh_CN/index.htm,姚尧,yaoyao
http://grzy.cug.edu.cn/XieQinghua/zh_CN/index.htm,解清华,XieQinghua
http://grzy.cug.edu.cn/zhaoyishi/zh_CN/index.htm,赵一石,zhaoyishi
http://grzy.cug.edu.cn/zhang_wei/zh_CN/index.htm,张唯,zhang_wei
